{
  "__type__": "cc.Skeleton",
  "_name": "Skin-0",
  "_objFlags": 0,
  "_native": "",
  "_joints": [
    "RootNode/Bip002/Bip002 Pelvis/Bip002 Spine/Bip002 Neck",
    "RootNode/Bip002/Bip002 Pelvis/Bip002 Spine/Bip002 Neck/Bip002 Head",
    "RootNode/Bip002/Bip002 Pelvis/Bip002 Spine",
    "RootNode/Bip002/Bip002 Pelvis/Bip002 Spine/Bip002 L Thigh",
    "RootNode/Bip002/Bip002 Pelvis/Bip002 Spine/Bip002 L Thigh/Bip002 L Calf",
    "RootNode/Bip002/Bip002 Pelvis/Bip002 Spine/Bip002 Neck/Bip002 L Clavicle/Bip002 L UpperArm",
    "RootNode/Bip002/Bip002 Pelvis/Bip002 Spine/Bip002 Neck/Bip002 L Clavicle",
    "RootNode/Bip002/Bip002 Pelvis/Bip002 Spine/Bip002 Neck/Bip002 L Clavicle/Bip002 L UpperArm/Bip002 L Forearm",
    "RootNode/Bip002/Bip002 Pelvis/Bip002 Spine/Bip002 Neck/Bip002 L Clavicle/Bip002 L UpperArm/Bip002 L Forearm/Bip002 L Hand",
    "RootNode/Bip002/Bip002 Pelvis",
    "RootNode/Bip002/Bip002 Pelvis/Bip002 Spine/Bip002 R Thigh",
    "RootNode/Bip002/Bip002 Pelvis/Bip002 Spine/Bip002 R Thigh/Bip002 R Calf",
    "RootNode/Bip002/Bip002 Pelvis/Bip002 Spine/Bip002 Neck/Bip002 R Clavicle",
    "RootNode/Bip002/Bip002 Pelvis/Bip002 Spine/Bip002 Neck/Bip002 R Clavicle/Bip002 R UpperArm",
    "RootNode/Bip002/Bip002 Pelvis/Bip002 Spine/Bip002 Neck/Bip002 R Clavicle/Bip002 R UpperArm/Bip002 R Forearm",
    "RootNode/Bip002/Bip002 Pelvis/Bip002 Spine/Bip002 Neck/Bip002 R Clavicle/Bip002 R UpperArm/Bip002 R Forearm/Bip002 R Hand",
    "RootNode/Bip002/Bip002 Pelvis/Bip002 Spine/Bip002 R Thigh/Bip002 R Calf/Bip002 R Foot"
  ],
  "_bindposes": [
    {
      "__type__": "cc.Mat4",
      "m00": -6.499826231077057e-8,
      "m01": -0.0000014042234309764965,
      "m02": 1.00000009335274,
      "m03": 0,
      "m04": 0.9986709345131398,
      "m05": 0.05154063587176949,
      "m06": 1.372864261881165e-7,
      "m07": 0,
      "m08": -0.05154063587157072,
      "m09": 0.9986709345128977,
      "m10": 0.000001399006969169591,
      "m11": 0,
      "m12": -0.224262997508049,
      "m13": -0.0038127517327666283,
      "m14": -0.0004373073752503842,
      "m15": 1
    },
    {
      "__type__": "cc.Mat4",
      "m00": 0.0000013487553543197886,
      "m01": -0.0000014026933631514117,
      "m02": 1.0000000933524889,
      "m03": 0,
      "m04": 0.9999999999997865,
      "m05": 1.8932300193599074e-12,
      "m06": -0.000001348755369613768,
      "m07": 0,
      "m08": -1.3396971174311673e-15,
      "m09": 1.0000000933527018,
      "m10": 0.0000014026933631517122,
      "m11": 0,
      "m12": -0.238749161362648,
      "m13": 0.00850383285433054,
      "m14": -0.0004369525413494557,
      "m15": 1
    },
    {
      "__type__": "cc.Mat4",
      "m00": -2.549462816677308e-7,
      "m01": -0.000001426596250278879,
      "m02": 1.0000000933528124,
      "m03": 0,
      "m04": 0.981778817438904,
      "m05": 0.19002727352186563,
      "m06": 5.213930190505252e-7,
      "m07": 0,
      "m08": -0.19002725018346406,
      "m09": 0.98177891079154,
      "m10": 0.0000013521551246930013,
      "m11": 0,
      "m12": -0.1809874325990677,
      "m13": -0.034998562186956406,
      "m14": -0.0004373939009383321,
      "m15": 1
    },
    {
      "__type__": "cc.Mat4",
      "m00": 0.05187285026518859,
      "m01": 0.008722260379916184,
      "m02": -0.9986156792597247,
      "m03": 0,
      "m04": -0.996378382309518,
      "m05": -0.06701097781315311,
      "m06": -0.05234193732185998,
      "m07": 0,
      "m08": -0.06737474670744718,
      "m09": 0.997714161882394,
      "m10": 0.005214621349091956,
      "m11": 0,
      "m12": 0.16245302557945251,
      "m13": 0.010845543816685677,
      "m14": 0.023873886093497276,
      "m15": 1
    },
    {
      "__type__": "cc.Mat4",
      "m00": 0.051846886998533355,
      "m01": 0.008875305461953262,
      "m02": -0.9986156792597348,
      "m03": 0,
      "m04": -0.996176273238687,
      "m05": -0.06994994356144364,
      "m06": -0.05234193732185998,
      "m07": 0,
      "m08": -0.07031765076037454,
      "m09": 0.9975110259587816,
      "m10": 0.005214682976603919,
      "m11": 0,
      "m12": 0.09238307923078537,
      "m13": 0.011118115857243538,
      "m14": 0.023873886093497276,
      "m15": 1
    },
    {
      "__type__": "cc.Mat4",
      "m00": 0.8506432895043409,
      "m01": -0.08177955703643794,
      "m02": 0.5193439877543803,
      "m03": 0,
      "m04": -0.5162185324761923,
      "m05": 0.05726106555884972,
      "m06": 0.8545405703479807,
      "m07": 0,
      "m08": -0.09962215084062,
      "m09": -0.9950042319419394,
      "m10": 0.006492608635995969,
      "m11": 0,
      "m12": 0.10382150113582611,
      "m13": -0.019467012956738472,
      "m14": -0.1982969045639038,
      "m15": 1
    },
    {
      "__type__": "cc.Mat4",
      "m00": 1.0000000933531585,
      "m01": -0.000001346800699699814,
      "m02": -2.1230747552863546e-7,
      "m03": 0,
      "m04": -4.857495338233785e-8,
      "m05": -0.19080902252191512,
      "m06": 0.981627212300827,
      "m07": 0,
      "m08": -0.0000013625664059169624,
      "m09": -0.9816272123010045,
      "m10": -0.1908090108530888,
      "m11": 0,
      "m12": -0.003467304864898324,
      "m13": 0.035174980759620667,
      "m14": -0.2215202897787094,
      "m15": 1
    },
    {
      "__type__": "cc.Mat4",
      "m00": 0.8540278826478015,
      "m01": -0.030305197569167802,
      "m02": 0.5193439410779214,
      "m03": 0,
      "m04": -0.518732993880482,
      "m05": 0.02600959532430598,
      "m06": 0.8545405703479885,
      "m07": 0,
      "m08": -0.0394049558580365,
      "m09": -0.9992023042570572,
      "m10": 0.0064926100946277,
      "m11": 0,
      "m12": 0.057100676000118256,
      "m13": -0.01605096645653248,
      "m14": -0.1982969045639038,
      "m15": 1
    },
    {
      "__type__": "cc.Mat4",
      "m00": 0.8540278826478015,
      "m01": -0.5193678859681012,
      "m02": -0.029891652782526333,
      "m03": 0,
      "m04": -0.518732993880482,
      "m05": -0.8545195659375073,
      "m06": 0.02669003591863299,
      "m07": 0,
      "m08": -0.0394049558580365,
      "m09": -0.0072882468041678495,
      "m10": -0.9991967963675479,
      "m11": 0,
      "m12": -0.001327887293882668,
      "m13": 0.19828404486179352,
      "m14": -0.016208861023187637,
      "m15": 1
    },
    {
      "__type__": "cc.Mat4",
      "m00": -0.000001524463204192503,
      "m01": 0.000002750789008498275,
      "m02": 1.0000000933536237,
      "m03": 0,
      "m04": 0.9945218640937326,
      "m05": 0.10452846367750582,
      "m06": 0.0000012285763841680893,
      "m07": 0,
      "m08": -0.10452845200913045,
      "m09": 0.9945219574468374,
      "m10": -0.00000289506965718847,
      "m11": 0,
      "m12": -0.1629435122013092,
      "m13": -0.01712605357170105,
      "m14": -0.0004374990239739418,
      "m15": 1
    },
    {
      "__type__": "cc.Mat4",
      "m00": -0.06931384534734635,
      "m01": -0.002051642178532256,
      "m02": -0.9975928822563827,
      "m03": 0,
      "m04": -0.9950926121458179,
      "m05": 0.07092523534785028,
      "m06": 0.0689942755587267,
      "m07": 0,
      "m08": 0.07061294653108208,
      "m09": 0.9974794708924262,
      "m10": -0.006957675976243418,
      "m11": 0,
      "m12": 0.16203580796718597,
      "m13": -0.011650128290057182,
      "m14": -0.02571406587958336,
      "m15": 1
    },
    {
      "__type__": "cc.Mat4",
      "m00": -0.0690809150229463,
      "m01": -0.0060368478169469655,
      "m02": -0.9975928822563916,
      "m03": 0,
      "m04": -0.9975250158042677,
      "m05": 0.0135452657586771,
      "m06": 0.06899426972416935,
      "m07": 0,
      "m08": 0.013096150103689433,
      "m09": 0.9998900292796338,
      "m10": -0.006957627111825648,
      "m11": 0,
      "m12": 0.0925162136554718,
      "m13": -0.006336796563118696,
      "m14": -0.02571406587958336,
      "m15": 1
    },
    {
      "__type__": "cc.Mat4",
      "m00": -1.0000000933531759,
      "m01": -0.000001346800699699814,
      "m02": 2.9973026385531163e-7,