{
  "__type__": "cc.Skeleton",
  "_name": "Skin-0",
  "_objFlags": 0,
  "_native": "",
  "_joints": [
    "RootNode/Bip001/Bip001 Pelvis/Bip001 Spine/Bip001 Neck/Bip001 Head",
    "RootNode/Bip001/Bip001 Pelvis/Bip001 Spine/Bip001 Neck",
    "RootNode/Bip001/Bip001 Pelvis/Bip001 Spine/Bip001 Neck/Bip001 R Clavicle/Bip001 R UpperArm",
    "RootNode/Bip001/Bip001 Pelvis/Bip001 Spine/Bip001 Neck/Bip001 R Clavicle/Bip001 R UpperArm/Bip001 R Forearm",
    "RootNode/Bip001/Bip001 Pelvis/Bip001 Spine/Bip001 Neck/Bip001 R Clavicle",
    "RootNode/Bip001/Bip001 Pelvis/Bip001 Spine/Bip001 Neck/Bip001 R Clavicle/Bip001 R UpperArm/Bip001 R Forearm/Bip001 R Hand",
    "RootNode/Bip001/Bip001 Pelvis/Bip001 Spine",
    "RootNode/Bip001/Bip001 Pelvis",
    "RootNode/Bip001/Bip001 Pelvis/Bip001 Spine/Bip001 Neck/Bip001 L Clavicle",
    "RootNode/Bip001",
    "RootNode/Bip001/Bip001 Pelvis/Bip001 Spine/Bip001 R Thigh",
    "RootNode/Bip001/Bip001 Pelvis/Bip001 Spine/Bip001 R Thigh/Bip001 R Calf",
    "RootNode/Bip001/Bip001 Pelvis/Bip001 Spine/Bip001 L Thigh",
    "RootNode/Bip001/Bip001 Pelvis/Bip001 Spine/Bip001 R Thigh/Bip001 R Calf/Bip001 R Foot",
    "RootNode/Bip001/Bip001 Pelvis/Bip001 Spine/Bip001 Neck/Bip001 L Clavicle/Bip001 L UpperArm",
    "RootNode/Bip001/Bip001 Pelvis/Bip001 Spine/Bip001 L Thigh/Bip001 L Calf",
    "RootNode/Bip001/Bip001 Pelvis/Bip001 Spine/Bip001 L Thigh/Bip001 L Calf/Bip001 L Foot",
    "RootNode/Bip001/Bip001 Pelvis/Bip001 Spine/Bip001 Neck/Bip001 L Clavicle/Bip001 L UpperArm/Bip001 L Forearm",
    "RootNode/Bip001/Bip001 Pelvis/Bip001 Spine/Bip001 Neck/Bip001 L Clavicle/Bip001 L UpperArm/Bip001 L Forearm/Bip001 L Hand"
  ],
  "_bindposes": [
    {
      "__type__": "cc.Mat4",
      "m00": 1.251295106858401e-7,
      "m01": -0.0000014084033592255068,
      "m02": 1.0000000932025954,
      "m03": 0,
      "m04": 0.9961948141095754,
      "m05": -0.08715441028076398,
      "m06": -2.4740193356485226e-7,
      "m07": 0,
      "m08": 0.08715439863066313,
      "m09": 0.9961948141095219,
      "m10": 0.0000013921385896612683,
      "m11": 0,
      "m12": -0.2403632253408432,
      "m13": 0.036223094910383224,
      "m14": 0.000454610213637352,
      "m15": 1
    },
    {
      "__type__": "cc.Mat4",
      "m00": 3.902096500984871e-7,
      "m01": -0.0000014593880936505152,
      "m02": 1.0000000932025093,
      "m03": 0,
      "m04": 0.9598046658194036,
      "m05": -0.28066880846405173,
      "m06": -7.841298407048686e-7,
      "m07": 0,
      "m08": 0.2806687851636334,
      "m09": 0.9598047590220763,
      "m10": 0.0000012912079789561667,
      "m11": 0,
      "m12": -0.20883338153362274,
      "m13": 0.08261995017528534,
      "m14": 0.0004547388816718012,
      "m15": 1
    },
    {
      "__type__": "cc.Mat4",
      "m00": -0.5733313550322324,
      "m01": 0.00011033426442547666,
      "m02": 0.8193237090697437,
      "m03": 0,
      "m04": -0.8191665688452054,
      "m05": 0.019507229538671275,
      "m06": -0.5732241260746886,
      "m07": 0,
      "m08": -0.016045977886099863,
      "m09": -0.9998098665242784,
      "m10": -0.011093723579299724,
      "m11": 0,
      "m12": 0.15891213715076447,
      "m13": -0.023927658796310425,
      "m14": 0.15287519991397858,
      "m15": 1
    },
    {
      "__type__": "cc.Mat4",
      "m00": -0.5164563824835531,
      "m01": -0.2489614132767987,
      "m02": 0.8193236158670624,
      "m03": 0,
      "m04": -0.7463099954582888,
      "m05": -0.3382834255967458,
      "m06": -0.5732241260746729,
      "m07": 0,
      "m08": 0.41987419108560475,
      "m09": -0.9075148033130853,
      "m10": -0.011093733773347122,
      "m11": 0,
      "m12": 0.09360785037279129,
      "m13": 0.018581341952085495,
      "m14": 0.15287519991397858,
      "m15": 1
    },
    {
      "__type__": "cc.Mat4",
      "m00": -0.9810750426923767,
      "m01": -0.0000013345307769754617,
      "m02": 0.1936286922800927,
      "m03": 0,
      "m04": -0.19037288299721059,
      "m05": -0.18260466311635565,
      "m06": -0.964579658257519,
      "m07": 0,
      "m08": 0.03535878569328152,
      "m09": -0.9831865158088642,
      "m10": 0.17914857633467987,
      "m11": 0,
      "m12": 0.0368543416261673,
      "m13": 0.02051139622926712,
      "m14": 0.22067870199680328,
      "m15": 1
    },
    {
      "__type__": "cc.Mat4",
      "m00": -0.5164563824835531,
      "m01": 0.8191250941410065,
      "m02": 0.24961371546958244,
      "m03": 0,
      "m04": -0.7463099954582888,
      "m05": -0.5734932953862834,
      "m06": 0.3378268721499102,
      "m07": 0,
      "m08": 0.41987419108560475,
      "m09": -0.011816346552609642,
      "m10": 0.9075054830734169,
      "m11": 0,
      "m12": 0.04261763021349907,
      "m13": 0.15288995206356049,
      "m14": -0.01845960132777691,
      "m15": 1
    },
    {
      "__type__": "cc.Mat4",
      "m00": -2.436883594736931e-7,
      "m01": -0.0000014245140103134626,
      "m02": 1.0000000932027229,
      "m03": 0,
      "m04": 0.9833316323844462,
      "m05": 0.18182165573656645,
      "m06": 4.986338695030174e-7,
      "m07": 0,
      "m08": -0.1818216324356712,
      "m09": 0.9833317255870098,
      "m10": 0.0000013564616601544549,
      "m11": 0,
      "m12": -0.15620990097522736,
      "m13": -0.020333293825387955,
      "m14": 0.00045445337309502065,
      "m15": 1
    },
    {
      "__type__": "cc.Mat4",
      "m00": 0.000001392466718374331,
      "m01": 0.0000027577074938058373,
      "m02": 1.0000000932025837,
      "m03": 0,
      "m04": 1.0000000932024624,
      "m05": -3.838676052570415e-12,
      "m06": -0.0000013924668068152687,
      "m07": 0,
      "m08": -1.3397020576790991e-15,
      "m09": 1.000000093202804,
      "m10": -0.0000027577074938064434,
      "m11": 0,
      "m12": -0.1334422528743744,
      "m13": 0.008355172351002693,
      "m14": 0.0004546832060441375,
      "m15": 1
    },
    {
      "__type__": "cc.Mat4",
      "m00": 0.9848079326956644,
      "m01": -0.0000013610132639123501,
      "m02": 0.1736479982379327,
      "m03": 0,
      "m04": -0.17072860556632688,
      "m05": -0.18260466311635118,
      "m06": 0.9682497315437686,
      "m07": 0,
      "m08": 0.031707612875939276,
      "m09": -0.9831865158088653,
      "m10": -0.1798307107087017,
      "m11": 0,
      "m12": 0.03325667232275009,
      "m13": 0.020511390641331673,
      "m14": -0.2212243378162384,
      "m15": 1
    },
    {
      "__type__": "cc.Mat4",
      "m00": 0.0000013709069531058582,
      "m01": 1.0000000932027568,
      "m02": 5.666722094385089e-9,
      "m03": 0,
      "m04": 3.714750843936815e-14,
      "m05": -5.6667105396804635e-9,
      "m06": 1.0000000932026962,
      "m07": 0,
      "m08": 1.0000000932027433,
      "m09": -0.000001370906953105832,
      "m10": -4.4916036901196434e-14,
      "m11": 0,
      "m12": 0.008355171419680119,
      "m13": 0.0004545097181107849,
      "m14": -0.1334422528743744,
      "m15": 1
    },
    {
      "__type__": "cc.Mat4",
      "m00": -0.07894137319689393,
      "m01": -0.007329087611180645,
      "m02": -0.9968524388362385,
      "m03": 0,
      "m04": -0.9933714119608855,
      "m05": -0.08323736828647879,
      "m06": 0.07927768766310728,
      "m07": 0,
      "m08": -0.08355639410221323,
      "m09": 0.9965028486526141,
      "m10": -0.0007096341821914547,
      "m11": 0,
      "m12": 0.13025784492492676,
      "m13": 0.01928458921611309,
      "m14": -0.03081110119819641,
      "m15": 1
    },
    {
      "__type__": "cc.Mat4",
      "m00": -0.07891680827451007,
      "m01": -0.0075890792158018255,
      "m02": -0.9968524388362368,
      "m03": 0,
      "m04": -0.9930919903249485,
      "m05": -0.08650882315049105,
      "m06": 0.07927769348827489,
      "m07": 0,
      "m08": -0.0868381770311615,
      "m09": 0.9962223085689895,
      "m10": -0.0007096522493128806,
      "m11": 0,
      "m12": 0.06739384680986404,
      "m13": 0.019506674259901047,
      "m14": -0.03081110492348671,